timestamp,capteur_1,capteur_2,moteur,state,state_label
2025-12-29 11:08:31.457978,1,0,0,C0,Normal
2025-12-29 11:08:31.557978,1,0,0,C0,Normal
2025-12-29 11:08:31.657978,0,0,1,C0,Normal
2025-12-29 11:08:31.757978,0,0,1,C0,Normal
2025-12-29 11:08:31.857978,0,0,1,C0,Normal
2025-12-29 11:08:31.957978,0,0,1,C0,Normal
2025-12-29 11:08:32.057978,0,0,1,C0,Normal
2025-12-29 11:08:32.157978,0,0,1,C0,Normal
2025-12-29 11:08:32.257978,0,0,1,C0,Normal
2025-12-29 11:08:32.357978,0,0,1,C0,Normal
2025-12-29 11:08:32.457978,0,0,1,C0,Normal
2025-12-29 11:08:32.557978,0,0,1,C0,Normal
2025-12-29 11:08:32.657978,0,0,1,C0,Normal
2025-12-29 11:08:32.757978,0,0,1,C0,Normal
2025-12-29 11:08:32.857978,0,0,1,C0,Normal
2025-12-29 11:08:32.957978,0,1,1,C0,Normal
2025-12-29 11:08:33.057978,0,1,1,C0,Normal
2025-12-29 11:08:33.157978,0,0,0,C0,Normal
2025-12-29 11:08:33.257978,0,0,0,C0,Normal
2025-12-29 11:08:33.357978,0,0,0,C0,Normal
2025-12-29 11:08:33.457978,1,0,0,C0,Normal
2025-12-29 11:08:33.557978,1,0,0,C0,Normal
2025-12-29 11:08:33.657978,0,0,1,C0,Normal
2025-12-29 11:08:33.757978,0,0,1,C0,Normal
2025-12-29 11:08:33.857978,0,0,1,C0,Normal
2025-12-29 11:08:33.957978,0,0,1,C0,Normal
2025-12-29 11:08:34.057978,0,0,1,C0,Normal
2025-12-29 11:08:34.157978,0,0,1,C0,Normal
2025-12-29 11:08:34.257978,0,0,1,C0,Normal
2025-12-29 11:08:34.357978,0,0,1,C0,Normal
2025-12-29 11:08:34.457978,0,0,1,C0,Normal
2025-12-29 11:08:34.557978,0,0,1,C0,Normal
2025-12-29 11:08:34.657978,0,0,1,C0,Normal
2025-12-29 11:08:34.757978,0,0,1,C0,Normal
2025-12-29 11:08:34.857978,0,0,1,C0,Normal
2025-12-29 11:08:34.957978,0,1,1,C0,Normal
2025-12-29 11:08:35.057978,0,1,1,C0,Normal
2025-12-29 11:08:35.157978,0,0,0,C0,Normal
2025-12-29 11:08:35.257978,0,0,0,C0,Normal
2025-12-29 11:08:35.357978,0,0,0,C0,Normal
2025-12-29 11:08:35.457978,1,0,0,C0,Normal
2025-12-29 11:08:35.557978,1,0,0,C0,Normal
2025-12-29 11:08:35.657978,0,0,1,C0,Normal
2025-12-29 11:08:35.757978,0,0,1,C0,Normal
2025-12-29 11:08:35.857978,0,0,1,C0,Normal
2025-12-29 11:08:35.957978,0,0,1,C0,Normal
2025-12-29 11:08:36.057978,0,0,1,C0,Normal
2025-12-29 11:08:36.157978,0,0,1,C0,Normal
2025-12-29 11:08:36.257978,0,0,1,C0,Normal
2025-12-29 11:08:36.357978,0,0,1,C0,Normal
2025-12-29 11:08:36.457978,0,0,1,C0,Normal
2025-12-29 11:08:36.557978,0,0,1,C0,Normal
2025-12-29 11:08:36.657978,0,0,1,C0,Normal
2025-12-29 11:08:36.757978,0,0,1,C0,Normal
2025-12-29 11:08:36.857978,0,0,1,C0,Normal
2025-12-29 11:08:36.957978,0,1,1,C0,Normal
2025-12-29 11:08:37.057978,0,1,1,C0,Normal
2025-12-29 11:08:37.157978,0,0,0,C0,Normal
2025-12-29 11:08:37.257978,0,0,0,C0,Normal
2025-12-29 11:08:37.357978,0,0,0,C0,Normal
2025-12-29 11:08:37.457978,1,0,0,C0,Normal
2025-12-29 11:08:37.557978,1,0,0,C0,Normal
2025-12-29 11:08:37.657978,0,0,1,C0,Normal
2025-12-29 11:08:37.757978,0,0,1,C0,Normal
2025-12-29 11:08:37.857978,0,0,1,C0,Normal
2025-12-29 11:08:37.957978,0,0,1,C0,Normal
2025-12-29 11:08:38.057978,0,0,1,C0,Normal
2025-12-29 11:08:38.157978,0,0,1,C0,Normal
2025-12-29 11:08:38.257978,0,0,1,C0,Normal
2025-12-29 11:08:38.357978,0,0,1,C0,Normal
2025-12-29 11:08:38.457978,0,0,1,C0,Normal
2025-12-29 11:08:38.557978,0,0,1,C0,Normal
2025-12-29 11:08:38.657978,0,0,1,C0,Normal
2025-12-29 11:08:38.757978,0,0,1,C0,Normal
2025-12-29 11:08:38.857978,0,0,1,C0,Normal
2025-12-29 11:08:38.957978,0,1,1,C0,Normal
2025-12-29 11:08:39.057978,0,1,1,C0,Normal
2025-12-29 11:08:39.157978,0,0,0,C0,Normal
2025-12-29 11:08:39.257978,0,0,0,C0,Normal
2025-12-29 11:08:39.357978,0,0,0,C0,Normal
2025-12-29 11:08:39.457978,1,0,0,C0,Normal
2025-12-29 11:08:39.557978,1,0,0,C0,Normal
2025-12-29 11:08:39.657978,0,0,1,C0,Normal
2025-12-29 11:08:39.757978,0,0,1,C0,Normal
2025-12-29 11:08:39.857978,0,0,1,C0,Normal
2025-12-29 11:08:39.957978,0,0,1,C0,Normal
2025-12-29 11:08:40.057978,0,0,1,C0,Normal
2025-12-29 11:08:40.157978,0,0,1,C0,Normal
2025-12-29 11:08:40.257978,0,0,1,C0,Normal
2025-12-29 11:08:40.357978,0,0,1,C0,Normal
2025-12-29 11:08:40.457978,0,0,1,C0,Normal
2025-12-29 11:08:40.557978,0,0,1,C0,Normal
2025-12-29 11:08:40.657978,0,0,1,C0,Normal
2025-12-29 11:08:40.757978,0,0,1,C0,Normal
2025-12-29 11:08:40.857978,0,0,1,C0,Normal
2025-12-29 11:08:40.957978,0,1,1,C0,Normal
2025-12-29 11:08:41.057978,0,1,1,C0,Normal
2025-12-29 11:08:41.157978,0,0,0,C0,Normal
2025-12-29 11:08:41.257978,0,0,0,C0,Normal
2025-12-29 11:08:41.357978,0,0,0,C0,Normal
2025-12-29 11:08:31.459977,1,0,0,C0,Normal
2025-12-29 11:08:31.559977,1,0,0,C0,Normal
2025-12-29 11:08:31.659977,0,0,1,C0,Normal
2025-12-29 11:08:31.759977,0,0,1,C0,Normal
2025-12-29 11:08:31.859977,0,0,1,C0,Normal
2025-12-29 11:08:31.959977,0,0,1,C0,Normal
2025-12-29 11:08:32.059977,0,0,1,C0,Normal
2025-12-29 11:08:32.159977,0,0,1,C0,Normal
2025-12-29 11:08:32.259977,0,0,1,C0,Normal
2025-12-29 11:08:32.359977,0,0,1,C0,Normal
2025-12-29 11:08:32.459977,0,0,1,C0,Normal
2025-12-29 11:08:32.559977,0,0,1,C0,Normal
2025-12-29 11:08:32.659977,0,0,1,C0,Normal
2025-12-29 11:08:32.759977,0,0,1,C0,Normal
2025-12-29 11:08:32.859977,0,0,1,C0,Normal
2025-12-29 11:08:32.959977,0,1,1,C0,Normal
2025-12-29 11:08:33.059977,0,1,1,C0,Normal
2025-12-29 11:08:33.159977,0,0,0,C0,Normal
2025-12-29 11:08:33.259977,0,0,0,C0,Normal
2025-12-29 11:08:33.359977,0,0,0,C0,Normal
2025-12-29 11:08:33.459977,1,0,0,C0,Normal
2025-12-29 11:08:33.559977,1,0,0,C0,Normal
2025-12-29 11:08:33.659977,0,0,1,C0,Normal
2025-12-29 11:08:33.759977,0,0,1,C0,Normal
2025-12-29 11:08:33.859977,0,0,1,C0,Normal
2025-12-29 11:08:33.959977,0,0,1,C0,Normal
2025-12-29 11:08:34.059977,0,0,1,C0,Normal
2025-12-29 11:08:34.159977,0,0,1,C0,Normal
2025-12-29 11:08:34.259977,0,0,1,C0,Normal
2025-12-29 11:08:34.359977,0,0,1,C0,Normal
2025-12-29 11:08:34.459977,0,0,1,C0,Normal
2025-12-29 11:08:34.559977,0,0,1,C0,Normal
2025-12-29 11:08:34.659977,0,0,1,C0,Normal
2025-12-29 11:08:34.759977,0,0,1,C0,Normal
2025-12-29 11:08:34.859977,0,0,1,C0,Normal
2025-12-29 11:08:34.959977,0,1,1,C0,Normal
2025-12-29 11:08:35.059977,0,1,1,C0,Normal
2025-12-29 11:08:35.159977,0,0,0,C0,Normal
2025-12-29 11:08:35.259977,0,0,0,C0,Normal
2025-12-29 11:08:35.359977,0,0,0,C0,Normal
2025-12-29 11:08:35.459977,1,0,0,C0,Normal
2025-12-29 11:08:35.559977,1,0,0,C0,Normal
2025-12-29 11:08:35.659977,0,0,1,C0,Normal
2025-12-29 11:08:35.759977,0,0,1,C0,Normal
2025-12-29 11:08:35.859977,0,0,1,C0,Normal
2025-12-29 11:08:35.959977,0,0,1,C0,Normal
2025-12-29 11:08:36.059977,0,0,1,C0,Normal
2025-12-29 11:08:36.159977,0,0,1,C0,Normal
2025-12-29 11:08:36.259977,0,0,1,C0,Normal
2025-12-29 11:08:36.359977,0,0,1,C0,Normal
2025-12-29 11:08:36.459977,0,0,1,C0,Normal
2025-12-29 11:08:36.559977,0,0,1,C0,Normal
2025-12-29 11:08:36.659977,0,0,1,C0,Normal
2025-12-29 11:08:36.759977,0,0,1,C0,Normal
2025-12-29 11:08:36.859977,0,0,1,C0,Normal
2025-12-29 11:08:36.959977,0,1,1,C0,Normal
2025-12-29 11:08:37.059977,0,1,1,C0,Normal
2025-12-29 11:08:37.159977,0,0,0,C0,Normal
2025-12-29 11:08:37.259977,0,0,0,C0,Normal
2025-12-29 11:08:37.359977,0,0,0,C0,Normal
2025-12-29 11:08:37.459977,1,0,0,C0,Normal
2025-12-29 11:08:37.559977,1,0,0,C0,Normal
2025-12-29 11:08:37.659977,0,0,1,C0,Normal
2025-12-29 11:08:37.759977,0,0,1,C0,Normal
2025-12-29 11:08:37.859977,0,0,1,C0,Normal
2025-12-29 11:08:37.959977,0,0,1,C0,Normal
2025-12-29 11:08:38.059977,0,0,1,C0,Normal
2025-12-29 11:08:38.159977,0,0,1,C0,Normal
2025-12-29 11:08:38.259977,0,0,1,C0,Normal
2025-12-29 11:08:38.359977,0,0,1,C0,Normal
2025-12-29 11:08:38.459977,0,0,1,C0,Normal
2025-12-29 11:08:38.559977,0,0,1,C0,Normal
2025-12-29 11:08:38.659977,0,0,1,C0,Normal
2025-12-29 11:08:38.759977,0,0,1,C0,Normal
2025-12-29 11:08:38.859977,0,0,1,C0,Normal
2025-12-29 11:08:38.959977,0,1,1,C0,Normal
2025-12-29 11:08:39.059977,0,1,1,C0,Normal
2025-12-29 11:08:39.159977,0,0,0,C0,Normal
2025-12-29 11:08:39.259977,0,0,0,C0,Normal
2025-12-29 11:08:39.359977,0,0,0,C0,Normal
2025-12-29 11:08:39.459977,1,0,0,C0,Normal
2025-12-29 11:08:39.559977,1,0,0,C0,Normal
2025-12-29 11:08:39.659977,0,0,1,C0,Normal
2025-12-29 11:08:39.759977,0,0,1,C0,Normal
2025-12-29 11:08:39.859977,0,0,1,C0,Normal
2025-12-29 11:08:39.959977,0,0,1,C0,Normal
2025-12-29 11:08:40.059977,0,0,1,C0,Normal
2025-12-29 11:08:40.159977,0,0,1,C0,Normal
2025-12-29 11:08:40.259977,0,0,1,C0,Normal
2025-12-29 11:08:40.359977,0,0,1,C0,Normal
2025-12-29 11:08:40.459977,0,0,1,C0,Normal
2025-12-29 11:08:40.559977,0,0,1,C0,Normal
2025-12-29 11:08:40.659977,0,0,1,C0,Normal
2025-12-29 11:08:40.759977,0,0,1,C0,Normal
2025-12-29 11:08:40.859977,0,0,1,C0,Normal
2025-12-29 11:08:40.959977,0,1,1,C0,Normal
2025-12-29 11:08:41.059977,0,1,1,C0,Normal
2025-12-29 11:08:41.159977,0,0,0,C0,Normal
2025-12-29 11:08:41.259977,0,0,0,C0,Normal
2025-12-29 11:08:41.359977,0,0,0,C0,Normal
2025-12-29 11:08:31.462053,1,0,0,C0,Normal
2025-12-29 11:08:31.562053,1,0,0,C0,Normal
2025-12-29 11:08:31.662053,0,0,1,C0,Normal
2025-12-29 11:08:31.762053,0,0,1,C0,Normal
2025-12-29 11:08:31.862053,0,0,1,C0,Normal
2025-12-29 11:08:31.962053,0,0,1,C0,Normal
2025-12-29 11:08:32.062053,0,0,1,C0,Normal
2025-12-29 11:08:32.162053,0,0,1,C0,Normal
2025-12-29 11:08:32.262053,0,0,1,C0,Normal
2025-12-29 11:08:32.362053,0,0,1,C0,Normal
2025-12-29 11:08:32.462053,0,0,1,C0,Normal
2025-12-29 11:08:32.562053,0,0,1,C0,Normal
2025-12-29 11:08:32.662053,0,0,1,C0,Normal
2025-12-29 11:08:32.762053,0,0,1,C0,Normal
2025-12-29 11:08:32.862053,0,0,1,C0,Normal
2025-12-29 11:08:32.962053,0,1,1,C0,Normal
2025-12-29 11:08:33.062053,0,1,1,C0,Normal
2025-12-29 11:08:33.162053,0,0,0,C0,Normal
2025-12-29 11:08:33.262053,0,0,0,C0,Normal
2025-12-29 11:08:33.362053,0,0,0,C0,Normal
2025-12-29 11:08:33.462053,1,0,0,C0,Normal
2025-12-29 11:08:33.562053,1,0,0,C0,Normal
2025-12-29 11:08:33.662053,0,0,1,C0,Normal
2025-12-29 11:08:33.762053,0,0,1,C0,Normal
2025-12-29 11:08:33.862053,0,0,1,C0,Normal
2025-12-29 11:08:33.962053,0,0,1,C0,Normal
2025-12-29 11:08:34.062053,0,0,1,C0,Normal
2025-12-29 11:08:34.162053,0,0,1,C0,Normal
2025-12-29 11:08:34.262053,0,0,1,C0,Normal
2025-12-29 11:08:34.362053,0,0,1,C0,Normal
2025-12-29 11:08:34.462053,0,0,1,C0,Normal
2025-12-29 11:08:34.562053,0,0,1,C0,Normal
2025-12-29 11:08:34.662053,0,0,1,C0,Normal
2025-12-29 11:08:34.762053,0,0,1,C0,Normal
2025-12-29 11:08:34.862053,0,0,1,C0,Normal
2025-12-29 11:08:34.962053,0,1,1,C0,Normal
2025-12-29 11:08:35.062053,0,1,1,C0,Normal
2025-12-29 11:08:35.162053,0,0,0,C0,Normal
2025-12-29 11:08:35.262053,0,0,0,C0,Normal
2025-12-29 11:08:35.362053,0,0,0,C0,Normal
2025-12-29 11:08:35.462053,1,0,0,C0,Normal
2025-12-29 11:08:35.562053,1,0,0,C0,Normal
2025-12-29 11:08:35.662053,0,0,1,C0,Normal
2025-12-29 11:08:35.762053,0,0,1,C0,Normal
2025-12-29 11:08:35.862053,0,0,1,C0,Normal
2025-12-29 11:08:35.962053,0,0,1,C0,Normal
2025-12-29 11:08:36.062053,0,0,1,C0,Normal
2025-12-29 11:08:36.162053,0,0,1,C0,Normal
2025-12-29 11:08:36.262053,0,0,1,C0,Normal
2025-12-29 11:08:36.362053,0,0,1,C0,Normal
2025-12-29 11:08:36.462053,0,0,1,C0,Normal
2025-12-29 11:08:36.562053,0,0,1,C0,Normal
2025-12-29 11:08:36.662053,0,0,1,C0,Normal
2025-12-29 11:08:36.762053,0,0,1,C0,Normal
2025-12-29 11:08:36.862053,0,0,1,C0,Normal
2025-12-29 11:08:36.962053,0,1,1,C0,Normal
2025-12-29 11:08:37.062053,0,1,1,C0,Normal
2025-12-29 11:08:37.162053,0,0,0,C0,Normal
2025-12-29 11:08:37.262053,0,0,0,C0,Normal
2025-12-29 11:08:37.362053,0,0,0,C0,Normal
2025-12-29 11:08:37.462053,1,0,0,C0,Normal
2025-12-29 11:08:37.562053,1,0,0,C0,Normal
2025-12-29 11:08:37.662053,0,0,1,C0,Normal
2025-12-29 11:08:37.762053,0,0,1,C0,Normal
2025-12-29 11:08:37.862053,0,0,1,C0,Normal
2025-12-29 11:08:37.962053,0,0,1,C0,Normal
2025-12-29 11:08:38.062053,0,0,1,C0,Normal
2025-12-29 11:08:38.162053,0,0,1,C0,Normal
2025-12-29 11:08:38.262053,0,0,1,C0,Normal
2025-12-29 11:08:38.362053,0,0,1,C0,Normal
2025-12-29 11:08:38.462053,0,0,1,C0,Normal
2025-12-29 11:08:38.562053,0,0,1,C0,Normal
2025-12-29 11:08:38.662053,0,0,1,C0,Normal
2025-12-29 11:08:38.762053,0,0,1,C0,Normal
2025-12-29 11:08:38.862053,0,0,1,C0,Normal
2025-12-29 11:08:38.962053,0,1,1,C0,Normal
2025-12-29 11:08:39.062053,0,1,1,C0,Normal
2025-12-29 11:08:39.162053,0,0,0,C0,Normal
2025-12-29 11:08:39.262053,0,0,0,C0,Normal
2025-12-29 11:08:39.362053,0,0,0,C0,Normal
2025-12-29 11:08:39.462053,1,0,0,C0,Normal
2025-12-29 11:08:39.562053,1,0,0,C0,Normal
2025-12-29 11:08:39.662053,0,0,1,C0,Normal
2025-12-29 11:08:39.762053,0,0,1,C0,Normal
2025-12-29 11:08:39.862053,0,0,1,C0,Normal
2025-12-29 11:08:39.962053,0,0,1,C0,Normal
2025-12-29 11:08:40.062053,0,0,1,C0,Normal
2025-12-29 11:08:40.162053,0,0,1,C0,Normal
2025-12-29 11:08:40.262053,0,0,1,C0,Normal
2025-12-29 11:08:40.362053,0,0,1,C0,Normal
2025-12-29 11:08:40.462053,0,0,1,C0,Normal
2025-12-29 11:08:40.562053,0,0,1,C0,Normal
2025-12-29 11:08:40.662053,0,0,1,C0,Normal
2025-12-29 11:08:40.762053,0,0,1,C0,Normal
2025-12-29 11:08:40.862053,0,0,1,C0,Normal
2025-12-29 11:08:40.962053,0,1,1,C0,Normal
2025-12-29 11:08:41.062053,0,1,1,C0,Normal
2025-12-29 11:08:41.162053,0,0,0,C0,Normal
2025-12-29 11:08:41.262053,0,0,0,C0,Normal
2025-12-29 11:08:41.362053,0,0,0,C0,Normal
2025-12-29 11:08:31.463664,1,0,0,C0,Normal
2025-12-29 11:08:31.563664,1,0,0,C0,Normal
2025-12-29 11:08:31.663664,0,0,1,C0,Normal
2025-12-29 11:08:31.763664,0,0,1,C0,Normal
2025-12-29 11:08:31.863664,0,0,1,C0,Normal
2025-12-29 11:08:31.963664,0,0,1,C0,Normal
2025-12-29 11:08:32.063664,0,0,1,C0,Normal
2025-12-29 11:08:32.163664,0,0,1,C0,Normal
2025-12-29 11:08:32.263664,0,0,1,C0,Normal
2025-12-29 11:08:32.363664,0,0,1,C0,Normal
2025-12-29 11:08:32.463664,0,0,1,C0,Normal
2025-12-29 11:08:32.563664,0,0,1,C0,Normal
2025-12-29 11:08:32.663664,0,0,1,C0,Normal
2025-12-29 11:08:32.763664,0,0,1,C0,Normal
2025-12-29 11:08:32.863664,0,0,1,C0,Normal
2025-12-29 11:08:32.963664,0,1,1,C0,Normal
2025-12-29 11:08:33.063664,0,1,1,C0,Normal
2025-12-29 11:08:33.163664,0,0,0,C0,Normal
2025-12-29 11:08:33.263664,0,0,0,C0,Normal
2025-12-29 11:08:33.363664,0,0,0,C0,Normal
2025-12-29 11:08:33.463664,1,0,0,C0,Normal
2025-12-29 11:08:33.563664,1,0,0,C0,Normal
2025-12-29 11:08:33.663664,0,0,1,C0,Normal
2025-12-29 11:08:33.763664,0,0,1,C0,Normal
2025-12-29 11:08:33.863664,0,0,1,C0,Normal
2025-12-29 11:08:33.963664,0,0,1,C0,Normal
2025-12-29 11:08:34.063664,0,0,1,C0,Normal
2025-12-29 11:08:34.163664,0,0,1,C0,Normal
2025-12-29 11:08:34.263664,0,0,1,C0,Normal
2025-12-29 11:08:34.363664,0,0,1,C0,Normal
2025-12-29 11:08:34.463664,0,0,1,C0,Normal
2025-12-29 11:08:34.563664,0,0,1,C0,Normal
2025-12-29 11:08:34.663664,0,0,1,C0,Normal
2025-12-29 11:08:34.763664,0,0,1,C0,Normal
2025-12-29 11:08:34.863664,0,0,1,C0,Normal
2025-12-29 11:08:34.963664,0,1,1,C0,Normal
2025-12-29 11:08:35.063664,0,1,1,C0,Normal
2025-12-29 11:08:35.163664,0,0,0,C0,Normal
2025-12-29 11:08:35.263664,0,0,0,C0,Normal
2025-12-29 11:08:35.363664,0,0,0,C0,Normal
2025-12-29 11:08:35.463664,1,0,0,C0,Normal
2025-12-29 11:08:35.563664,1,0,0,C0,Normal
2025-12-29 11:08:35.663664,0,0,1,C0,Normal
2025-12-29 11:08:35.763664,0,0,1,C0,Normal
2025-12-29 11:08:35.863664,0,0,1,C0,Normal
2025-12-29 11:08:35.963664,0,0,1,C0,Normal
2025-12-29 11:08:36.063664,0,0,1,C0,Normal
2025-12-29 11:08:36.163664,0,0,1,C0,Normal
2025-12-29 11:08:36.263664,0,0,1,C0,Normal
2025-12-29 11:08:36.363664,0,0,1,C0,Normal
2025-12-29 11:08:36.463664,0,0,1,C0,Normal
2025-12-29 11:08:36.563664,0,0,1,C0,Normal
2025-12-29 11:08:36.663664,0,0,1,C0,Normal
2025-12-29 11:08:36.763664,0,0,1,C0,Normal
2025-12-29 11:08:36.863664,0,0,1,C0,Normal
2025-12-29 11:08:36.963664,0,1,1,C0,Normal
2025-12-29 11:08:37.063664,0,1,1,C0,Normal
2025-12-29 11:08:37.163664,0,0,0,C0,Normal
2025-12-29 11:08:37.263664,0,0,0,C0,Normal
2025-12-29 11:08:37.363664,0,0,0,C0,Normal
2025-12-29 11:08:37.463664,1,0,0,C0,Normal
2025-12-29 11:08:37.563664,1,0,0,C0,Normal
2025-12-29 11:08:37.663664,0,0,1,C0,Normal
2025-12-29 11:08:37.763664,0,0,1,C0,Normal
2025-12-29 11:08:37.863664,0,0,1,C0,Normal
2025-12-29 11:08:37.963664,0,0,1,C0,Normal
2025-12-29 11:08:38.063664,0,0,1,C0,Normal
2025-12-29 11:08:38.163664,0,0,1,C0,Normal
2025-12-29 11:08:38.263664,0,0,1,C0,Normal
2025-12-29 11:08:38.363664,0,0,1,C0,Normal
2025-12-29 11:08:38.463664,0,0,1,C0,Normal
2025-12-29 11:08:38.563664,0,0,1,C0,Normal
2025-12-29 11:08:38.663664,0,0,1,C0,Normal
2025-12-29 11:08:38.763664,0,0,1,C0,Normal
2025-12-29 11:08:38.863664,0,0,1,C0,Normal
2025-12-29 11:08:38.963664,0,1,1,C0,Normal
2025-12-29 11:08:39.063664,0,1,1,C0,Normal
2025-12-29 11:08:39.163664,0,0,0,C0,Normal
2025-12-29 11:08:39.263664,0,0,0,C0,Normal
2025-12-29 11:08:39.363664,0,0,0,C0,Normal
2025-12-29 11:08:39.463664,1,0,0,C0,Normal
2025-12-29 11:08:39.563664,1,0,0,C0,Normal
2025-12-29 11:08:39.663664,0,0,1,C0,Normal
2025-12-29 11:08:39.763664,0,0,1,C0,Normal
2025-12-29 11:08:39.863664,0,0,1,C0,Normal
2025-12-29 11:08:39.963664,0,0,1,C0,Normal
2025-12-29 11:08:40.063664,0,0,1,C0,Normal
2025-12-29 11:08:40.163664,0,0,1,C0,Normal
2025-12-29 11:08:40.263664,0,0,1,C0,Normal
2025-12-29 11:08:40.363664,0,0,1,C0,Normal
2025-12-29 11:08:40.463664,0,0,1,C0,Normal
2025-12-29 11:08:40.563664,0,0,1,C0,Normal
2025-12-29 11:08:40.663664,0,0,1,C0,Normal
2025-12-29 11:08:40.763664,0,0,1,C0,Normal
2025-12-29 11:08:40.863664,0,0,1,C0,Normal
2025-12-29 11:08:40.963664,0,1,1,C0,Normal
2025-12-29 11:08:41.063664,0,1,1,C0,Normal
2025-12-29 11:08:41.163664,0,0,0,C0,Normal
2025-12-29 11:08:41.263664,0,0,0,C0,Normal
2025-12-29 11:08:41.363664,0,0,0,C0,Normal
2025-12-29 11:08:31.465441,1,0,0,C0,Normal
2025-12-29 11:08:31.565441,1,0,0,C0,Normal
2025-12-29 11:08:31.665441,0,0,1,C0,Normal
2025-12-29 11:08:31.765441,0,0,1,C0,Normal
2025-12-29 11:08:31.865441,0,0,1,C0,Normal
2025-12-29 11:08:31.965441,0,0,1,C0,Normal
2025-12-29 11:08:32.065441,0,0,1,C0,Normal
2025-12-29 11:08:32.165441,0,0,1,C0,Normal
2025-12-29 11:08:32.265441,0,0,1,C0,Normal
2025-12-29 11:08:32.365441,0,0,1,C0,Normal
2025-12-29 11:08:32.465441,0,0,1,C0,Normal
2025-12-29 11:08:32.565441,0,0,1,C0,Normal
2025-12-29 11:08:32.665441,0,0,1,C0,Normal
2025-12-29 11:08:32.765441,0,0,1,C0,Normal
2025-12-29 11:08:32.865441,0,0,1,C0,Normal
2025-12-29 11:08:32.965441,0,1,1,C0,Normal
2025-12-29 11:08:33.065441,0,1,1,C0,Normal
2025-12-29 11:08:33.165441,0,0,0,C0,Normal
2025-12-29 11:08:33.265441,0,0,0,C0,Normal
2025-12-29 11:08:33.365441,0,0,0,C0,Normal
2025-12-29 11:08:33.465441,1,0,0,C0,Normal
2025-12-29 11:08:33.565441,1,0,0,C0,Normal
2025-12-29 11:08:33.665441,0,0,1,C0,Normal
2025-12-29 11:08:33.765441,0,0,1,C0,Normal
2025-12-29 11:08:33.865441,0,0,1,C0,Normal
2025-12-29 11:08:33.965441,0,0,1,C0,Normal
2025-12-29 11:08:34.065441,0,0,1,C0,Normal
2025-12-29 11:08:34.165441,0,0,1,C0,Normal
2025-12-29 11:08:34.265441,0,0,1,C0,Normal
2025-12-29 11:08:34.365441,0,0,1,C0,Normal
2025-12-29 11:08:34.465441,0,0,1,C0,Normal
2025-12-29 11:08:34.565441,0,0,1,C0,Normal
2025-12-29 11:08:34.665441,0,0,1,C0,Normal
2025-12-29 11:08:34.765441,0,0,1,C0,Normal
2025-12-29 11:08:34.865441,0,0,1,C0,Normal
2025-12-29 11:08:34.965441,0,1,1,C0,Normal
2025-12-29 11:08:35.065441,0,1,1,C0,Normal
2025-12-29 11:08:35.165441,0,0,0,C0,Normal
2025-12-29 11:08:35.265441,0,0,0,C0,Normal
2025-12-29 11:08:35.365441,0,0,0,C0,Normal
2025-12-29 11:08:35.465441,1,0,0,C0,Normal
2025-12-29 11:08:35.565441,1,0,0,C0,Normal
2025-12-29 11:08:35.665441,0,0,1,C0,Normal
2025-12-29 11:08:35.765441,0,0,1,C0,Normal
2025-12-29 11:08:35.865441,0,0,1,C0,Normal
2025-12-29 11:08:35.965441,0,0,1,C0,Normal
2025-12-29 11:08:36.065441,0,0,1,C0,Normal
2025-12-29 11:08:36.165441,0,0,1,C0,Normal
2025-12-29 11:08:36.265441,0,0,1,C0,Normal
2025-12-29 11:08:36.365441,0,0,1,C0,Normal
2025-12-29 11:08:36.465441,0,0,1,C0,Normal
2025-12-29 11:08:36.565441,0,0,1,C0,Normal
2025-12-29 11:08:36.665441,0,0,1,C0,Normal
2025-12-29 11:08:36.765441,0,0,1,C0,Normal
2025-12-29 11:08:36.865441,0,0,1,C0,Normal
2025-12-29 11:08:36.965441,0,1,1,C0,Normal
2025-12-29 11:08:37.065441,0,1,1,C0,Normal
2025-12-29 11:08:37.165441,0,0,0,C0,Normal
2025-12-29 11:08:37.265441,0,0,0,C0,Normal
2025-12-29 11:08:37.365441,0,0,0,C0,Normal
2025-12-29 11:08:37.465441,1,0,0,C0,Normal
2025-12-29 11:08:37.565441,1,0,0,C0,Normal
2025-12-29 11:08:37.665441,0,0,1,C0,Normal
2025-12-29 11:08:37.765441,0,0,1,C0,Normal
2025-12-29 11:08:37.865441,0,0,1,C0,Normal
2025-12-29 11:08:37.965441,0,0,1,C0,Normal
2025-12-29 11:08:38.065441,0,0,1,C0,Normal
2025-12-29 11:08:38.165441,0,0,1,C0,Normal
2025-12-29 11:08:38.265441,0,0,1,C0,Normal
2025-12-29 11:08:38.365441,0,0,1,C0,Normal
2025-12-29 11:08:38.465441,0,0,1,C0,Normal
2025-12-29 11:08:38.565441,0,0,1,C0,Normal
2025-12-29 11:08:38.665441,0,0,1,C0,Normal
2025-12-29 11:08:38.765441,0,0,1,C0,Normal
2025-12-29 11:08:38.865441,0,0,1,C0,Normal
2025-12-29 11:08:38.965441,0,1,1,C0,Normal
2025-12-29 11:08:39.065441,0,1,1,C0,Normal
2025-12-29 11:08:39.165441,0,0,0,C0,Normal
2025-12-29 11:08:39.265441,0,0,0,C0,Normal
2025-12-29 11:08:39.365441,0,0,0,C0,Normal
2025-12-29 11:08:39.465441,1,0,0,C0,Normal
2025-12-29 11:08:39.565441,1,0,0,C0,Normal
2025-12-29 11:08:39.665441,0,0,1,C0,Normal
2025-12-29 11:08:39.765441,0,0,1,C0,Normal
2025-12-29 11:08:39.865441,0,0,1,C0,Normal
2025-12-29 11:08:39.965441,0,0,1,C0,Normal
2025-12-29 11:08:40.065441,0,0,1,C0,Normal
2025-12-29 11:08:40.165441,0,0,1,C0,Normal
2025-12-29 11:08:40.265441,0,0,1,C0,Normal
2025-12-29 11:08:40.365441,0,0,1,C0,Normal
2025-12-29 11:08:40.465441,0,0,1,C0,Normal
2025-12-29 11:08:40.565441,0,0,1,C0,Normal
2025-12-29 11:08:40.665441,0,0,1,C0,Normal
2025-12-29 11:08:40.765441,0,0,1,C0,Normal
2025-12-29 11:08:40.865441,0,0,1,C0,Normal
2025-12-29 11:08:40.965441,0,1,1,C0,Normal
2025-12-29 11:08:41.065441,0,1,1,C0,Normal
2025-12-29 11:08:41.165441,0,0,0,C0,Normal
2025-12-29 11:08:41.265441,0,0,0,C0,Normal
2025-12-29 11:08:41.365441,0,0,0,C0,Normal
2025-12-29 11:08:31.465495,1,0,0,C0,Normal
2025-12-29 11:08:31.565495,1,0,0,C0,Normal
2025-12-29 11:08:31.665495,0,0,1,C0,Normal
2025-12-29 11:08:31.765495,0,0,1,C0,Normal
2025-12-29 11:08:31.865495,0,0,1,C0,Normal
2025-12-29 11:08:31.965495,0,0,1,C0,Normal
2025-12-29 11:08:32.065495,0,0,1,C0,Normal
2025-12-29 11:08:32.165495,0,0,1,C0,Normal
2025-12-29 11:08:32.265495,0,0,1,C0,Normal
2025-12-29 11:08:32.365495,0,0,1,C0,Normal
2025-12-29 11:08:32.465495,0,0,1,C0,Normal
2025-12-29 11:08:32.565495,0,0,1,C0,Normal
2025-12-29 11:08:32.665495,0,0,1,C0,Normal
2025-12-29 11:08:32.765495,0,0,1,C0,Normal
2025-12-29 11:08:32.865495,0,0,1,C0,Normal
2025-12-29 11:08:32.965495,0,1,1,C0,Normal
2025-12-29 11:08:33.065495,0,1,1,C0,Normal
2025-12-29 11:08:33.165495,0,0,0,C0,Normal
2025-12-29 11:08:33.265495,0,0,0,C0,Normal
2025-12-29 11:08:33.365495,0,0,0,C0,Normal
2025-12-29 11:08:33.465495,1,0,0,C0,Normal
2025-12-29 11:08:33.565495,1,0,0,C0,Normal
2025-12-29 11:08:33.665495,0,0,1,C0,Normal
2025-12-29 11:08:33.765495,0,0,1,C0,Normal
2025-12-29 11:08:33.865495,0,0,1,C0,Normal
2025-12-29 11:08:33.965495,0,0,1,C0,Normal
2025-12-29 11:08:34.065495,0,0,1,C0,Normal
2025-12-29 11:08:34.165495,0,0,1,C1,capteur_1_Bloque_sur_0
2025-12-29 11:08:34.265495,0,0,1,C1,capteur_1_Bloque_sur_0
2025-12-29 11:08:34.365495,0,0,0,C1,capteur_1_Bloque_sur_0
2025-12-29 11:08:34.465495,0,0,0,C1,capteur_1_Bloque_sur_0
2025-12-29 11:08:34.565495,0,0,0,C1,capteur_1_Bloque_sur_0
2025-12-29 11:08:34.665495,0,0,0,C1,capteur_1_Bloque_sur_0
2025-12-29 11:08:34.765495,0,0,0,C1,capteur_1_Bloque_sur_0
2025-12-29 11:08:34.865495,0,0,0,C1,capteur_1_Bloque_sur_0
2025-12-29 11:08:34.965495,0,0,0,C1,capteur_1_Bloque_sur_0
2025-12-29 11:08:35.065495,0,0,0,C1,capteur_1_Bloque_sur_0
2025-12-29 11:08:35.165495,0,0,0,C1,capteur_1_Bloque_sur_0
2025-12-29 11:08:35.265495,0,0,0,C1,capteur_1_Bloque_sur_0
2025-12-29 11:08:35.365495,0,0,0,C1,capteur_1_Bloque_sur_0
2025-12-29 11:08:35.465495,0,0,0,C1,capteur_1_Bloque_sur_0
2025-12-29 11:08:35.565495,0,0,0,C1,capteur_1_Bloque_sur_0
2025-12-29 11:08:35.665495,0,1,0,C1,capteur_1_Bloque_sur_0
2025-12-29 11:08:35.765495,0,1,0,C1,capteur_1_Bloque_sur_0
2025-12-29 11:08:35.865495,0,0,0,C1,capteur_1_Bloque_sur_0
2025-12-29 11:08:35.965495,0,0,0,C1,capteur_1_Bloque_sur_0
2025-12-29 11:08:36.065495,0,0,0,C1,capteur_1_Bloque_sur_0
2025-12-29 11:08:36.165495,0,0,0,C1,capteur_1_Bloque_sur_0
2025-12-29 11:08:36.265495,0,0,0,C1,capteur_1_Bloque_sur_0
2025-12-29 11:08:36.365495,0,0,0,C1,capteur_1_Bloque_sur_0
2025-12-29 11:08:36.465495,0,0,0,C1,capteur_1_Bloque_sur_0
2025-12-29 11:08:36.565495,0,0,0,C1,capteur_1_Bloque_sur_0
2025-12-29 11:08:36.665495,0,0,0,C1,capteur_1_Bloque_sur_0
2025-12-29 11:08:36.765495,0,0,0,C1,capteur_1_Bloque_sur_0
2025-12-29 11:08:36.865495,0,0,0,C1,capteur_1_Bloque_sur_0
2025-12-29 11:08:36.965495,0,0,0,C1,capteur_1_Bloque_sur_0
2025-12-29 11:08:37.065495,0,0,0,C1,capteur_1_Bloque_sur_0
2025-12-29 11:08:37.165495,0,0,0,C1,capteur_1_Bloque_sur_0
2025-12-29 11:08:37.265495,0,0,0,C1,capteur_1_Bloque_sur_0
2025-12-29 11:08:37.365495,0,0,0,C1,capteur_1_Bloque_sur_0
2025-12-29 11:08:37.465495,0,0,0,C1,capteur_1_Bloque_sur_0
2025-12-29 11:08:37.565495,0,0,0,C1,capteur_1_Bloque_sur_0
2025-12-29 11:08:37.665495,0,1,0,C1,capteur_1_Bloque_sur_0
2025-12-29 11:08:37.765495,0,1,0,C1,capteur_1_Bloque_sur_0
2025-12-29 11:08:37.865495,0,0,0,C1,capteur_1_Bloque_sur_0
2025-12-29 11:08:37.965495,0,0,0,C1,capteur_1_Bloque_sur_0
2025-12-29 11:08:38.065495,0,0,0,C1,capteur_1_Bloque_sur_0
2025-12-29 11:08:38.165495,0,0,0,C1,capteur_1_Bloque_sur_0
2025-12-29 11:08:38.265495,0,0,0,C1,capteur_1_Bloque_sur_0
2025-12-29 11:08:38.365495,0,0,0,C1,capteur_1_Bloque_sur_0
2025-12-29 11:08:38.465495,0,0,0,C1,capteur_1_Bloque_sur_0
2025-12-29 11:08:38.565495,0,0,0,C1,capteur_1_Bloque_sur_0
2025-12-29 11:08:38.665495,0,0,0,C1,capteur_1_Bloque_sur_0
2025-12-29 11:08:38.765495,0,0,0,C1,capteur_1_Bloque_sur_0
2025-12-29 11:08:38.865495,0,0,0,C1,capteur_1_Bloque_sur_0
2025-12-29 11:08:38.965495,0,0,0,C1,capteur_1_Bloque_sur_0
2025-12-29 11:08:39.065495,0,0,0,C1,capteur_1_Bloque_sur_0
2025-12-29 11:08:39.165495,0,0,0,C1,capteur_1_Bloque_sur_0
2025-12-29 11:08:39.265495,0,0,0,C1,capteur_1_Bloque_sur_0
2025-12-29 11:08:39.365495,0,0,0,C1,capteur_1_Bloque_sur_0
2025-12-29 11:08:39.465495,0,0,0,C1,capteur_1_Bloque_sur_0
2025-12-29 11:08:39.565495,0,0,0,C1,capteur_1_Bloque_sur_0
2025-12-29 11:08:39.665495,0,1,0,C1,capteur_1_Bloque_sur_0
2025-12-29 11:08:39.765495,0,1,0,C1,capteur_1_Bloque_sur_0
2025-12-29 11:08:39.865495,0,0,0,C1,capteur_1_Bloque_sur_0
2025-12-29 11:08:39.965495,0,0,0,C1,capteur_1_Bloque_sur_0
2025-12-29 11:08:40.065495,0,0,0,C1,capteur_1_Bloque_sur_0
2025-12-29 11:08:40.165495,0,0,0,C1,capteur_1_Bloque_sur_0
2025-12-29 11:08:40.265495,0,0,0,C1,capteur_1_Bloque_sur_0
2025-12-29 11:08:40.365495,0,0,0,C1,capteur_1_Bloque_sur_0
2025-12-29 11:08:40.465495,0,0,0,C1,capteur_1_Bloque_sur_0
2025-12-29 11:08:40.565495,0,0,0,C1,capteur_1_Bloque_sur_0
2025-12-29 11:08:40.665495,0,0,0,C1,capteur_1_Bloque_sur_0
2025-12-29 11:08:40.765495,0,0,0,C1,capteur_1_Bloque_sur_0
2025-12-29 11:08:40.865495,0,0,0,C1,capteur_1_Bloque_sur_0
2025-12-29 11:08:40.965495,0,0,0,C1,capteur_1_Bloque_sur_0
2025-12-29 11:08:41.065495,0,0,0,C1,capteur_1_Bloque_sur_0
2025-12-29 11:08:41.165495,0,0,0,C1,capteur_1_Bloque_sur_0
2025-12-29 11:08:41.265495,0,0,0,C1,capteur_1_Bloque_sur_0
2025-12-29 11:08:41.365495,0,0,0,C1,capteur_1_Bloque_sur_0
2025-12-29 11:08:31.465495,1,0,0,C0,Normal
2025-12-29 11:08:31.565495,1,0,0,C0,Normal
2025-12-29 11:08:31.665495,0,0,1,C0,Normal
2025-12-29 11:08:31.765495,0,0,1,C0,Normal
2025-12-29 11:08:31.865495,0,0,1,C0,Normal
2025-12-29 11:08:31.965495,0,0,1,C0,Normal
2025-12-29 11:08:32.065495,0,0,1,C0,Normal
2025-12-29 11:08:32.165495,0,0,1,C0,Normal
2025-12-29 11:08:32.265495,0,0,1,C0,Normal
2025-12-29 11:08:32.365495,0,0,1,C0,Normal
2025-12-29 11:08:32.465495,0,0,1,C0,Normal
2025-12-29 11:08:32.565495,0,0,1,C0,Normal
2025-12-29 11:08:32.665495,0,0,1,C0,Normal
2025-12-29 11:08:32.765495,0,0,1,C0,Normal
2025-12-29 11:08:32.865495,0,0,1,C0,Normal
2025-12-29 11:08:32.965495,0,1,1,C0,Normal
2025-12-29 11:08:33.065495,0,1,1,C0,Normal
2025-12-29 11:08:33.165495,0,0,0,C0,Normal
2025-12-29 11:08:33.265495,0,0,0,C0,Normal
2025-12-29 11:08:33.365495,0,0,0,C0,Normal
2025-12-29 11:08:33.465495,1,0,0,C0,Normal
2025-12-29 11:08:33.565495,1,0,0,C0,Normal
2025-12-29 11:08:33.665495,0,0,1,C0,Normal
2025-12-29 11:08:33.765495,0,0,1,C0,Normal
2025-12-29 11:08:33.865495,0,0,1,C0,Normal
2025-12-29 11:08:33.965495,0,0,1,C0,Normal
2025-12-29 11:08:34.065495,0,0,1,C0,Normal
2025-12-29 11:08:34.165495,0,0,1,C0,Normal
2025-12-29 11:08:34.265495,0,0,1,C0,Normal
2025-12-29 11:08:34.365495,0,0,1,C0,Normal
2025-12-29 11:08:34.465495,0,0,1,C0,Normal
2025-12-29 11:08:34.565495,0,0,1,C0,Normal
2025-12-29 11:08:34.665495,0,0,1,C0,Normal
2025-12-29 11:08:34.765495,0,0,1,C0,Normal
2025-12-29 11:08:34.865495,0,0,1,C0,Normal
2025-12-29 11:08:34.965495,0,1,1,C0,Normal
2025-12-29 11:08:35.065495,0,1,1,C0,Normal
2025-12-29 11:08:35.165495,1,1,1,C2,capteur_1_Bloque_sur_1
2025-12-29 11:08:35.265495,1,1,1,C2,capteur_1_Bloque_sur_1
2025-12-29 11:08:35.365495,1,1,1,C2,capteur_1_Bloque_sur_1
2025-12-29 11:08:35.465495,1,1,1,C2,capteur_1_Bloque_sur_1
2025-12-29 11:08:35.565495,1,1,1,C2,capteur_1_Bloque_sur_1
2025-12-29 11:08:35.665495,1,1,1,C2,capteur_1_Bloque_sur_1
2025-12-29 11:08:35.765495,1,1,1,C2,capteur_1_Bloque_sur_1
2025-12-29 11:08:35.865495,1,1,1,C2,capteur_1_Bloque_sur_1
2025-12-29 11:08:35.965495,1,1,1,C2,capteur_1_Bloque_sur_1
2025-12-29 11:08:36.065495,1,1,1,C2,capteur_1_Bloque_sur_1
2025-12-29 11:08:36.165495,1,1,1,C2,capteur_1_Bloque_sur_1
2025-12-29 11:08:36.265495,1,1,1,C2,capteur_1_Bloque_sur_1
2025-12-29 11:08:36.365495,1,1,1,C2,capteur_1_Bloque_sur_1
2025-12-29 11:08:36.465495,1,1,1,C2,capteur_1_Bloque_sur_1
2025-12-29 11:08:36.565495,1,1,1,C2,capteur_1_Bloque_sur_1
2025-12-29 11:08:36.665495,1,1,1,C2,capteur_1_Bloque_sur_1
2025-12-29 11:08:36.765495,1,1,1,C2,capteur_1_Bloque_sur_1
2025-12-29 11:08:36.865495,1,0,0,C2,capteur_1_Bloque_sur_1
2025-12-29 11:08:36.965495,1,0,0,C2,capteur_1_Bloque_sur_1
2025-12-29 11:08:37.065495,1,0,0,C2,capteur_1_Bloque_sur_1
2025-12-29 11:08:37.165495,1,0,0,C2,capteur_1_Bloque_sur_1
2025-12-29 11:08:37.265495,1,0,0,C2,capteur_1_Bloque_sur_1
2025-12-29 11:08:37.365495,1,0,1,C2,capteur_1_Bloque_sur_1
2025-12-29 11:08:37.465495,1,0,1,C2,capteur_1_Bloque_sur_1
2025-12-29 11:08:37.565495,1,0,1,C2,capteur_1_Bloque_sur_1
2025-12-29 11:08:37.665495,1,0,1,C2,capteur_1_Bloque_sur_1
2025-12-29 11:08:37.765495,1,0,1,C2,capteur_1_Bloque_sur_1
2025-12-29 11:08:37.865495,1,0,1,C2,capteur_1_Bloque_sur_1
2025-12-29 11:08:37.965495,1,0,1,C2,capteur_1_Bloque_sur_1
2025-12-29 11:08:38.065495,1,0,1,C2,capteur_1_Bloque_sur_1
2025-12-29 11:08:38.165495,1,0,1,C2,capteur_1_Bloque_sur_1
2025-12-29 11:08:38.265495,1,0,1,C2,capteur_1_Bloque_sur_1
2025-12-29 11:08:38.365495,1,0,1,C2,capteur_1_Bloque_sur_1
2025-12-29 11:08:38.465495,1,0,1,C2,capteur_1_Bloque_sur_1
2025-12-29 11:08:38.565495,1,0,1,C2,capteur_1_Bloque_sur_1
2025-12-29 11:08:38.665495,1,1,1,C2,capteur_1_Bloque_sur_1
2025-12-29 11:08:38.765495,1,1,1,C2,capteur_1_Bloque_sur_1
2025-12-29 11:08:38.865495,1,0,0,C2,capteur_1_Bloque_sur_1
2025-12-29 11:08:38.965495,1,0,0,C2,capteur_1_Bloque_sur_1
2025-12-29 11:08:39.065495,1,0,0,C2,capteur_1_Bloque_sur_1
2025-12-29 11:08:39.165495,1,0,0,C2,capteur_1_Bloque_sur_1
2025-12-29 11:08:39.265495,1,0,0,C2,capteur_1_Bloque_sur_1
2025-12-29 11:08:39.365495,1,0,1,C2,capteur_1_Bloque_sur_1
2025-12-29 11:08:39.465495,1,0,1,C2,capteur_1_Bloque_sur_1
2025-12-29 11:08:39.565495,1,0,1,C2,capteur_1_Bloque_sur_1
2025-12-29 11:08:39.665495,1,0,1,C2,capteur_1_Bloque_sur_1
2025-12-29 11:08:39.765495,1,0,1,C2,capteur_1_Bloque_sur_1
2025-12-29 11:08:39.865495,1,0,1,C2,capteur_1_Bloque_sur_1
2025-12-29 11:08:39.965495,1,0,1,C2,capteur_1_Bloque_sur_1
2025-12-29 11:08:40.065495,1,0,1,C2,capteur_1_Bloque_sur_1
2025-12-29 11:08:40.165495,1,0,1,C2,capteur_1_Bloque_sur_1
2025-12-29 11:08:40.265495,1,0,1,C2,capteur_1_Bloque_sur_1
2025-12-29 11:08:40.365495,1,0,1,C2,capteur_1_Bloque_sur_1
2025-12-29 11:08:40.465495,1,0,1,C2,capteur_1_Bloque_sur_1
2025-12-29 11:08:40.565495,1,0,1,C2,capteur_1_Bloque_sur_1
2025-12-29 11:08:40.665495,1,1,1,C2,capteur_1_Bloque_sur_1
2025-12-29 11:08:40.765495,1,1,1,C2,capteur_1_Bloque_sur_1
2025-12-29 11:08:40.865495,1,0,0,C2,capteur_1_Bloque_sur_1
2025-12-29 11:08:40.965495,1,0,0,C2,capteur_1_Bloque_sur_1
2025-12-29 11:08:41.065495,1,0,0,C2,capteur_1_Bloque_sur_1
2025-12-29 11:08:41.165495,1,0,0,C2,capteur_1_Bloque_sur_1
2025-12-29 11:08:41.265495,1,0,0,C2,capteur_1_Bloque_sur_1
2025-12-29 11:08:41.365495,1,0,1,C2,capteur_1_Bloque_sur_1
2025-12-29 11:08:31.470598,1,0,0,C0,Normal
2025-12-29 11:08:31.570598,1,0,0,C0,Normal
2025-12-29 11:08:31.670598,0,0,1,C0,Normal
2025-12-29 11:08:31.770598,0,0,1,C0,Normal
2025-12-29 11:08:31.870598,0,0,1,C0,Normal
2025-12-29 11:08:31.970598,0,0,1,C0,Normal
2025-12-29 11:08:32.070598,0,0,1,C0,Normal
2025-12-29 11:08:32.170598,0,0,1,C0,Normal
2025-12-29 11:08:32.270598,0,0,1,C0,Normal
2025-12-29 11:08:32.370598,0,0,1,C0,Normal
2025-12-29 11:08:32.470598,0,0,1,C0,Normal
2025-12-29 11:08:32.570598,0,0,1,C0,Normal
2025-12-29 11:08:32.670598,0,0,1,C0,Normal
2025-12-29 11:08:32.770598,0,0,1,C0,Normal
2025-12-29 11:08:32.870598,0,0,1,C0,Normal
2025-12-29 11:08:32.970598,0,1,1,C0,Normal
2025-12-29 11:08:33.070598,0,1,1,C0,Normal
2025-12-29 11:08:33.170598,0,0,0,C0,Normal
2025-12-29 11:08:33.270598,0,0,0,C0,Normal
2025-12-29 11:08:33.370598,0,0,0,C0,Normal
2025-12-29 11:08:33.470598,1,0,0,C0,Normal
2025-12-29 11:08:33.570598,1,0,0,C0,Normal
2025-12-29 11:08:33.670598,0,0,1,C0,Normal
2025-12-29 11:08:33.770598,0,0,1,C0,Normal
2025-12-29 11:08:33.870598,0,0,1,C0,Normal
2025-12-29 11:08:33.970598,0,0,1,C0,Normal
2025-12-29 11:08:34.070598,0,0,1,C0,Normal
2025-12-29 11:08:34.170598,0,0,1,C0,Normal
2025-12-29 11:08:34.270598,0,0,1,C0,Normal
2025-12-29 11:08:34.370598,0,0,1,C0,Normal
2025-12-29 11:08:34.470598,0,0,1,C0,Normal
2025-12-29 11:08:34.570598,0,0,1,C0,Normal
2025-12-29 11:08:34.670598,0,0,1,C0,Normal
2025-12-29 11:08:34.770598,0,0,1,C0,Normal
2025-12-29 11:08:34.870598,0,0,1,C0,Normal
2025-12-29 11:08:34.970598,0,1,1,C0,Normal
2025-12-29 11:08:35.070598,0,1,1,C0,Normal
2025-12-29 11:08:35.170598,0,0,0,C0,Normal
2025-12-29 11:08:35.270598,1,0,0,C3,capteur_2_Bloque_sur_0
2025-12-29 11:08:35.370598,1,0,0,C3,capteur_2_Bloque_sur_0
2025-12-29 11:08:35.470598,0,0,1,C3,capteur_2_Bloque_sur_0
2025-12-29 11:08:35.570598,0,0,1,C3,capteur_2_Bloque_sur_0
2025-12-29 11:08:35.670598,0,0,1,C3,capteur_2_Bloque_sur_0
2025-12-29 11:08:35.770598,0,0,1,C3,capteur_2_Bloque_sur_0
2025-12-29 11:08:35.870598,0,0,1,C3,capteur_2_Bloque_sur_0
2025-12-29 11:08:35.970598,0,0,1,C3,capteur_2_Bloque_sur_0
2025-12-29 11:08:36.070598,0,0,1,C3,capteur_2_Bloque_sur_0
2025-12-29 11:08:36.170598,0,0,1,C3,capteur_2_Bloque_sur_0
2025-12-29 11:08:36.270598,0,0,1,C3,capteur_2_Bloque_sur_0
2025-12-29 11:08:36.370598,0,0,1,C3,capteur_2_Bloque_sur_0
2025-12-29 11:08:36.470598,0,0,1,C3,capteur_2_Bloque_sur_0
2025-12-29 11:08:36.570598,0,0,1,C3,capteur_2_Bloque_sur_0
2025-12-29 11:08:36.670598,0,0,1,C3,capteur_2_Bloque_sur_0
2025-12-29 11:08:36.770598,0,0,1,C3,capteur_2_Bloque_sur_0
2025-12-29 11:08:36.870598,0,0,1,C3,capteur_2_Bloque_sur_0
2025-12-29 11:08:36.970598,0,0,0,C3,capteur_2_Bloque_sur_0
2025-12-29 11:08:37.070598,0,0,0,C3,capteur_2_Bloque_sur_0
2025-12-29 11:08:37.170598,0,0,0,C3,capteur_2_Bloque_sur_0
2025-12-29 11:08:37.270598,1,0,0,C3,capteur_2_Bloque_sur_0
2025-12-29 11:08:37.370598,1,0,0,C3,capteur_2_Bloque_sur_0
2025-12-29 11:08:37.470598,0,0,1,C3,capteur_2_Bloque_sur_0
2025-12-29 11:08:37.570598,0,0,1,C3,capteur_2_Bloque_sur_0
2025-12-29 11:08:37.670598,0,0,1,C3,capteur_2_Bloque_sur_0
2025-12-29 11:08:37.770598,0,0,1,C3,capteur_2_Bloque_sur_0
2025-12-29 11:08:37.870598,0,0,1,C3,capteur_2_Bloque_sur_0
2025-12-29 11:08:37.970598,0,0,1,C3,capteur_2_Bloque_sur_0
2025-12-29 11:08:38.070598,0,0,1,C3,capteur_2_Bloque_sur_0
2025-12-29 11:08:38.170598,0,0,1,C3,capteur_2_Bloque_sur_0
2025-12-29 11:08:38.270598,0,0,1,C3,capteur_2_Bloque_sur_0
2025-12-29 11:08:38.370598,0,0,1,C3,capteur_2_Bloque_sur_0
2025-12-29 11:08:38.470598,0,0,1,C3,capteur_2_Bloque_sur_0
2025-12-29 11:08:38.570598,0,0,1,C3,capteur_2_Bloque_sur_0
2025-12-29 11:08:38.670598,0,0,1,C3,capteur_2_Bloque_sur_0
2025-12-29 11:08:38.770598,0,0,1,C3,capteur_2_Bloque_sur_0
2025-12-29 11:08:38.870598,0,0,1,C3,capteur_2_Bloque_sur_0
2025-12-29 11:08:38.970598,0,0,0,C3,capteur_2_Bloque_sur_0
2025-12-29 11:08:39.070598,0,0,0,C3,capteur_2_Bloque_sur_0
2025-12-29 11:08:39.170598,0,0,0,C3,capteur_2_Bloque_sur_0
2025-12-29 11:08:39.270598,1,0,0,C3,capteur_2_Bloque_sur_0
2025-12-29 11:08:39.370598,1,0,0,C3,capteur_2_Bloque_sur_0
2025-12-29 11:08:39.470598,0,0,1,C3,capteur_2_Bloque_sur_0
2025-12-29 11:08:39.570598,0,0,1,C3,capteur_2_Bloque_sur_0
2025-12-29 11:08:39.670598,0,0,1,C3,capteur_2_Bloque_sur_0
2025-12-29 11:08:39.770598,0,0,1,C3,capteur_2_Bloque_sur_0
2025-12-29 11:08:39.870598,0,0,1,C3,capteur_2_Bloque_sur_0
2025-12-29 11:08:39.970598,0,0,1,C3,capteur_2_Bloque_sur_0
2025-12-29 11:08:40.070598,0,0,1,C3,capteur_2_Bloque_sur_0
2025-12-29 11:08:40.170598,0,0,1,C3,capteur_2_Bloque_sur_0
2025-12-29 11:08:40.270598,0,0,1,C3,capteur_2_Bloque_sur_0
2025-12-29 11:08:40.370598,0,0,1,C3,capteur_2_Bloque_sur_0
2025-12-29 11:08:40.470598,0,0,1,C3,capteur_2_Bloque_sur_0
2025-12-29 11:08:40.570598,0,0,1,C3,capteur_2_Bloque_sur_0
2025-12-29 11:08:40.670598,0,0,1,C3,capteur_2_Bloque_sur_0
2025-12-29 11:08:40.770598,0,0,1,C3,capteur_2_Bloque_sur_0
2025-12-29 11:08:40.870598,0,0,1,C3,capteur_2_Bloque_sur_0
2025-12-29 11:08:40.970598,0,0,0,C3,capteur_2_Bloque_sur_0
2025-12-29 11:08:41.070598,0,0,0,C3,capteur_2_Bloque_sur_0
2025-12-29 11:08:41.170598,0,0,0,C3,capteur_2_Bloque_sur_0
2025-12-29 11:08:41.270598,1,0,0,C3,capteur_2_Bloque_sur_0
2025-12-29 11:08:41.370598,1,0,0,C3,capteur_2_Bloque_sur_0
2025-12-29 11:08:31.471599,1,0,0,C0,Normal
2025-12-29 11:08:31.571599,1,0,0,C0,Normal
2025-12-29 11:08:31.671599,0,0,1,C0,Normal
2025-12-29 11:08:31.771599,0,0,1,C0,Normal
2025-12-29 11:08:31.871599,0,0,1,C0,Normal
2025-12-29 11:08:31.971599,0,0,1,C0,Normal
2025-12-29 11:08:32.071599,0,0,1,C0,Normal
2025-12-29 11:08:32.171599,0,0,1,C0,Normal
2025-12-29 11:08:32.271599,0,0,1,C0,Normal
2025-12-29 11:08:32.371599,0,0,1,C0,Normal
2025-12-29 11:08:32.471599,0,0,1,C0,Normal
2025-12-29 11:08:32.571599,0,0,1,C0,Normal
2025-12-29 11:08:32.671599,0,0,1,C0,Normal
2025-12-29 11:08:32.771599,0,0,1,C0,Normal
2025-12-29 11:08:32.871599,0,0,1,C0,Normal
2025-12-29 11:08:32.971599,0,1,1,C0,Normal
2025-12-29 11:08:33.071599,0,1,1,C0,Normal
2025-12-29 11:08:33.171599,0,0,0,C0,Normal
2025-12-29 11:08:33.271599,0,0,0,C0,Normal
2025-12-29 11:08:33.371599,0,0,0,C0,Normal
2025-12-29 11:08:33.471599,1,0,0,C0,Normal
2025-12-29 11:08:33.571599,1,0,0,C0,Normal
2025-12-29 11:08:33.671599,0,0,1,C0,Normal
2025-12-29 11:08:33.771599,0,0,1,C0,Normal
2025-12-29 11:08:33.871599,0,0,1,C0,Normal
2025-12-29 11:08:33.971599,0,0,1,C0,Normal
2025-12-29 11:08:34.071599,0,0,1,C0,Normal
2025-12-29 11:08:34.171599,0,0,1,C0,Normal
2025-12-29 11:08:34.271599,0,0,1,C0,Normal
2025-12-29 11:08:34.371599,0,0,1,C0,Normal
2025-12-29 11:08:34.471599,0,0,1,C0,Normal
2025-12-29 11:08:34.571599,0,0,1,C0,Normal
2025-12-29 11:08:34.671599,0,0,1,C0,Normal
2025-12-29 11:08:34.771599,0,0,1,C0,Normal
2025-12-29 11:08:34.871599,0,0,1,C0,Normal
2025-12-29 11:08:34.971599,0,1,1,C0,Normal
2025-12-29 11:08:35.071599,1,1,1,C4,capteur_2_Bloque_sur_1
2025-12-29 11:08:35.171599,1,1,1,C4,capteur_2_Bloque_sur_1
2025-12-29 11:08:35.271599,0,1,1,C4,capteur_2_Bloque_sur_1
2025-12-29 11:08:35.371599,0,1,1,C4,capteur_2_Bloque_sur_1
2025-12-29 11:08:35.471599,0,1,1,C4,capteur_2_Bloque_sur_1
2025-12-29 11:08:35.571599,0,1,1,C4,capteur_2_Bloque_sur_1
2025-12-29 11:08:35.671599,0,1,1,C4,capteur_2_Bloque_sur_1
2025-12-29 11:08:35.771599,0,1,1,C4,capteur_2_Bloque_sur_1
2025-12-29 11:08:35.871599,0,1,1,C4,capteur_2_Bloque_sur_1
2025-12-29 11:08:35.971599,0,1,1,C4,capteur_2_Bloque_sur_1
2025-12-29 11:08:36.071599,0,1,1,C4,capteur_2_Bloque_sur_1
2025-12-29 11:08:36.171599,0,1,1,C4,capteur_2_Bloque_sur_1
2025-12-29 11:08:36.271599,0,1,1,C4,capteur_2_Bloque_sur_1
2025-12-29 11:08:36.371599,0,1,1,C4,capteur_2_Bloque_sur_1
2025-12-29 11:08:36.471599,0,1,1,C4,capteur_2_Bloque_sur_1
2025-12-29 11:08:36.571599,0,1,1,C4,capteur_2_Bloque_sur_1
2025-12-29 11:08:36.671599,0,1,1,C4,capteur_2_Bloque_sur_1
2025-12-29 11:08:36.771599,0,1,0,C4,capteur_2_Bloque_sur_1
2025-12-29 11:08:36.871599,0,1,0,C4,capteur_2_Bloque_sur_1
2025-12-29 11:08:36.971599,0,1,0,C4,capteur_2_Bloque_sur_1
2025-12-29 11:08:37.071599,1,1,0,C4,capteur_2_Bloque_sur_1
2025-12-29 11:08:37.171599,1,1,0,C4,capteur_2_Bloque_sur_1
2025-12-29 11:08:37.271599,0,1,1,C4,capteur_2_Bloque_sur_1
2025-12-29 11:08:37.371599,0,1,1,C4,capteur_2_Bloque_sur_1
2025-12-29 11:08:37.471599,0,1,1,C4,capteur_2_Bloque_sur_1
2025-12-29 11:08:37.571599,0,1,1,C4,capteur_2_Bloque_sur_1
2025-12-29 11:08:37.671599,0,1,1,C4,capteur_2_Bloque_sur_1
2025-12-29 11:08:37.771599,0,1,1,C4,capteur_2_Bloque_sur_1
2025-12-29 11:08:37.871599,0,1,1,C4,capteur_2_Bloque_sur_1
2025-12-29 11:08:37.971599,0,1,1,C4,capteur_2_Bloque_sur_1
2025-12-29 11:08:38.071599,0,1,1,C4,capteur_2_Bloque_sur_1
2025-12-29 11:08:38.171599,0,1,1,C4,capteur_2_Bloque_sur_1
2025-12-29 11:08:38.271599,0,1,1,C4,capteur_2_Bloque_sur_1
2025-12-29 11:08:38.371599,0,1,1,C4,capteur_2_Bloque_sur_1
2025-12-29 11:08:38.471599,0,1,1,C4,capteur_2_Bloque_sur_1
2025-12-29 11:08:38.571599,0,1,1,C4,capteur_2_Bloque_sur_1
2025-12-29 11:08:38.671599,0,1,1,C4,capteur_2_Bloque_sur_1
2025-12-29 11:08:38.771599,0,1,0,C4,capteur_2_Bloque_sur_1
2025-12-29 11:08:38.871599,0,1,0,C4,capteur_2_Bloque_sur_1
2025-12-29 11:08:38.971599,0,1,0,C4,capteur_2_Bloque_sur_1
2025-12-29 11:08:39.071599,1,1,0,C4,capteur_2_Bloque_sur_1
2025-12-29 11:08:39.171599,1,1,0,C4,capteur_2_Bloque_sur_1
2025-12-29 11:08:39.271599,0,1,1,C4,capteur_2_Bloque_sur_1
2025-12-29 11:08:39.371599,0,1,1,C4,capteur_2_Bloque_sur_1
2025-12-29 11:08:39.471599,0,1,1,C4,capteur_2_Bloque_sur_1
2025-12-29 11:08:39.571599,0,1,1,C4,capteur_2_Bloque_sur_1
2025-12-29 11:08:39.671599,0,1,1,C4,capteur_2_Bloque_sur_1
2025-12-29 11:08:39.771599,0,1,1,C4,capteur_2_Bloque_sur_1
2025-12-29 11:08:39.871599,0,1,1,C4,capteur_2_Bloque_sur_1
2025-12-29 11:08:39.971599,0,1,1,C4,capteur_2_Bloque_sur_1
2025-12-29 11:08:40.071599,0,1,1,C4,capteur_2_Bloque_sur_1
2025-12-29 11:08:40.171599,0,1,1,C4,capteur_2_Bloque_sur_1
2025-12-29 11:08:40.271599,0,1,1,C4,capteur_2_Bloque_sur_1
2025-12-29 11:08:40.371599,0,1,1,C4,capteur_2_Bloque_sur_1
2025-12-29 11:08:40.471599,0,1,1,C4,capteur_2_Bloque_sur_1
2025-12-29 11:08:40.571599,0,1,1,C4,capteur_2_Bloque_sur_1
2025-12-29 11:08:40.671599,0,1,1,C4,capteur_2_Bloque_sur_1
2025-12-29 11:08:40.771599,0,1,0,C4,capteur_2_Bloque_sur_1
2025-12-29 11:08:40.871599,0,1,0,C4,capteur_2_Bloque_sur_1
2025-12-29 11:08:40.971599,0,1,0,C4,capteur_2_Bloque_sur_1
2025-12-29 11:08:41.071599,1,1,0,C4,capteur_2_Bloque_sur_1
2025-12-29 11:08:41.171599,1,1,0,C4,capteur_2_Bloque_sur_1
2025-12-29 11:08:41.271599,0,1,1,C4,capteur_2_Bloque_sur_1
2025-12-29 11:08:41.371599,0,1,1,C4,capteur_2_Bloque_sur_1
2025-12-29 11:08:31.473623,1,0,0,C0,Normal
2025-12-29 11:08:31.573623,1,0,0,C0,Normal
2025-12-29 11:08:31.673623,0,0,1,C0,Normal
2025-12-29 11:08:31.773623,0,0,1,C0,Normal
2025-12-29 11:08:31.873623,0,0,1,C0,Normal
2025-12-29 11:08:31.973623,0,0,1,C0,Normal
2025-12-29 11:08:32.073623,0,0,1,C0,Normal
2025-12-29 11:08:32.173623,0,0,1,C0,Normal
2025-12-29 11:08:32.273623,0,0,1,C0,Normal
2025-12-29 11:08:32.373623,0,0,1,C0,Normal
2025-12-29 11:08:32.473623,0,0,1,C0,Normal
2025-12-29 11:08:32.573623,0,0,1,C0,Normal
2025-12-29 11:08:32.673623,0,0,1,C0,Normal
2025-12-29 11:08:32.773623,0,0,1,C0,Normal
2025-12-29 11:08:32.873623,0,0,1,C0,Normal
2025-12-29 11:08:32.973623,0,1,1,C0,Normal
2025-12-29 11:08:33.073623,0,1,1,C0,Normal
2025-12-29 11:08:33.173623,0,0,0,C0,Normal
2025-12-29 11:08:33.273623,0,0,0,C0,Normal
2025-12-29 11:08:33.373623,0,0,0,C0,Normal
2025-12-29 11:08:33.473623,1,0,0,C0,Normal
2025-12-29 11:08:33.573623,1,0,0,C0,Normal
2025-12-29 11:08:33.673623,0,0,1,C0,Normal
2025-12-29 11:08:33.773623,0,0,1,C0,Normal
2025-12-29 11:08:33.873623,0,0,1,C0,Normal
2025-12-29 11:08:33.973623,0,0,1,C0,Normal
2025-12-29 11:08:34.073623,0,0,1,C0,Normal
2025-12-29 11:08:34.173623,0,0,1,C0,Normal
2025-12-29 11:08:34.273623,0,0,1,C0,Normal
2025-12-29 11:08:34.373623,0,0,1,C0,Normal
2025-12-29 11:08:34.473623,0,0,1,C0,Normal
2025-12-29 11:08:34.573623,0,0,1,C0,Normal
2025-12-29 11:08:34.673623,0,0,1,C0,Normal
2025-12-29 11:08:34.773623,0,0,1,C0,Normal
2025-12-29 11:08:34.873623,0,0,1,C0,Normal
2025-12-29 11:08:34.973623,1,0,1,C5,moteur_Bloque_sur_0
2025-12-29 11:08:35.073623,1,0,1,C5,moteur_Bloque_sur_0
2025-12-29 11:08:35.173623,0,0,1,C5,moteur_Bloque_sur_0
2025-12-29 11:08:35.273623,0,0,1,C5,moteur_Bloque_sur_0
2025-12-29 11:08:35.373623,0,0,1,C5,moteur_Bloque_sur_0
2025-12-29 11:08:35.473623,0,0,1,C5,moteur_Bloque_sur_0
2025-12-29 11:08:35.573623,0,0,1,C5,moteur_Bloque_sur_0
2025-12-29 11:08:35.673623,0,0,1,C5,moteur_Bloque_sur_0
2025-12-29 11:08:35.773623,0,0,1,C5,moteur_Bloque_sur_0
2025-12-29 11:08:35.873623,0,0,1,C5,moteur_Bloque_sur_0
2025-12-29 11:08:35.973623,0,0,1,C5,moteur_Bloque_sur_0
2025-12-29 11:08:36.073623,0,0,1,C5,moteur_Bloque_sur_0
2025-12-29 11:08:36.173623,0,0,1,C5,moteur_Bloque_sur_0
2025-12-29 11:08:36.273623,0,0,1,C5,moteur_Bloque_sur_0
2025-12-29 11:08:36.373623,0,0,1,C5,moteur_Bloque_sur_0
2025-12-29 11:08:36.473623,0,0,1,C5,moteur_Bloque_sur_0
2025-12-29 11:08:36.573623,0,0,1,C5,moteur_Bloque_sur_0
2025-12-29 11:08:36.673623,0,0,1,C5,moteur_Bloque_sur_0
2025-12-29 11:08:36.773623,0,0,1,C5,moteur_Bloque_sur_0
2025-12-29 11:08:36.873623,0,0,1,C5,moteur_Bloque_sur_0
2025-12-29 11:08:36.973623,1,0,1,C5,moteur_Bloque_sur_0
2025-12-29 11:08:37.073623,1,0,1,C5,moteur_Bloque_sur_0
2025-12-29 11:08:37.173623,0,0,1,C5,moteur_Bloque_sur_0
2025-12-29 11:08:37.273623,0,0,1,C5,moteur_Bloque_sur_0
2025-12-29 11:08:37.373623,0,0,1,C5,moteur_Bloque_sur_0
2025-12-29 11:08:37.473623,0,0,1,C5,moteur_Bloque_sur_0
2025-12-29 11:08:37.573623,0,0,1,C5,moteur_Bloque_sur_0
2025-12-29 11:08:37.673623,0,0,1,C5,moteur_Bloque_sur_0
2025-12-29 11:08:37.773623,0,0,1,C5,moteur_Bloque_sur_0
2025-12-29 11:08:37.873623,0,0,1,C5,moteur_Bloque_sur_0
2025-12-29 11:08:37.973623,0,0,1,C5,moteur_Bloque_sur_0
2025-12-29 11:08:38.073623,0,0,1,C5,moteur_Bloque_sur_0
2025-12-29 11:08:38.173623,0,0,1,C5,moteur_Bloque_sur_0
2025-12-29 11:08:38.273623,0,0,1,C5,moteur_Bloque_sur_0
2025-12-29 11:08:38.373623,0,0,1,C5,moteur_Bloque_sur_0
2025-12-29 11:08:38.473623,0,0,1,C5,moteur_Bloque_sur_0
2025-12-29 11:08:38.573623,0,0,1,C5,moteur_Bloque_sur_0
2025-12-29 11:08:38.673623,0,0,1,C5,moteur_Bloque_sur_0
2025-12-29 11:08:38.773623,0,0,1,C5,moteur_Bloque_sur_0
2025-12-29 11:08:38.873623,0,0,1,C5,moteur_Bloque_sur_0
2025-12-29 11:08:38.973623,1,0,1,C5,moteur_Bloque_sur_0
2025-12-29 11:08:39.073623,1,0,1,C5,moteur_Bloque_sur_0
2025-12-29 11:08:39.173623,0,0,1,C5,moteur_Bloque_sur_0
2025-12-29 11:08:39.273623,0,0,1,C5,moteur_Bloque_sur_0
2025-12-29 11:08:39.373623,0,0,1,C5,moteur_Bloque_sur_0
2025-12-29 11:08:39.473623,0,0,1,C5,moteur_Bloque_sur_0
2025-12-29 11:08:39.573623,0,0,1,C5,moteur_Bloque_sur_0
2025-12-29 11:08:39.673623,0,0,1,C5,moteur_Bloque_sur_0
2025-12-29 11:08:39.773623,0,0,1,C5,moteur_Bloque_sur_0
2025-12-29 11:08:39.873623,0,0,1,C5,moteur_Bloque_sur_0
2025-12-29 11:08:39.973623,0,0,1,C5,moteur_Bloque_sur_0
2025-12-29 11:08:40.073623,0,0,1,C5,moteur_Bloque_sur_0
2025-12-29 11:08:40.173623,0,0,1,C5,moteur_Bloque_sur_0
2025-12-29 11:08:40.273623,0,0,1,C5,moteur_Bloque_sur_0
2025-12-29 11:08:40.373623,0,0,1,C5,moteur_Bloque_sur_0
2025-12-29 11:08:40.473623,0,0,1,C5,moteur_Bloque_sur_0
2025-12-29 11:08:40.573623,0,0,1,C5,moteur_Bloque_sur_0
2025-12-29 11:08:40.673623,0,0,1,C5,moteur_Bloque_sur_0
2025-12-29 11:08:40.773623,0,0,1,C5,moteur_Bloque_sur_0
2025-12-29 11:08:40.873623,0,0,1,C5,moteur_Bloque_sur_0
2025-12-29 11:08:40.973623,1,0,1,C5,moteur_Bloque_sur_0
2025-12-29 11:08:41.073623,1,0,1,C5,moteur_Bloque_sur_0
2025-12-29 11:08:41.173623,0,0,1,C5,moteur_Bloque_sur_0
2025-12-29 11:08:41.273623,0,0,1,C5,moteur_Bloque_sur_0
2025-12-29 11:08:41.373623,0,0,1,C5,moteur_Bloque_sur_0
2025-12-29 11:08:31.476622,1,0,0,C0,Normal
2025-12-29 11:08:31.576622,1,0,0,C0,Normal
2025-12-29 11:08:31.676622,0,0,1,C0,Normal
2025-12-29 11:08:31.776622,0,0,1,C0,Normal
2025-12-29 11:08:31.876622,0,0,1,C0,Normal
2025-12-29 11:08:31.976622,0,0,1,C0,Normal
2025-12-29 11:08:32.076622,0,0,1,C0,Normal
2025-12-29 11:08:32.176622,0,0,1,C0,Normal
2025-12-29 11:08:32.276622,0,0,1,C0,Normal
2025-12-29 11:08:32.376622,0,0,1,C0,Normal
2025-12-29 11:08:32.476622,0,0,1,C0,Normal
2025-12-29 11:08:32.576622,0,0,1,C0,Normal
2025-12-29 11:08:32.676622,0,0,1,C0,Normal
2025-12-29 11:08:32.776622,0,0,1,C0,Normal
2025-12-29 11:08:32.876622,0,0,1,C0,Normal
2025-12-29 11:08:32.976622,0,1,1,C0,Normal
2025-12-29 11:08:33.076622,0,1,1,C0,Normal
2025-12-29 11:08:33.176622,0,0,0,C0,Normal
2025-12-29 11:08:33.276622,0,0,0,C0,Normal
2025-12-29 11:08:33.376622,0,0,0,C0,Normal
2025-12-29 11:08:33.476622,1,0,0,C0,Normal
2025-12-29 11:08:33.576622,1,0,0,C0,Normal
2025-12-29 11:08:33.676622,0,0,1,C0,Normal
2025-12-29 11:08:33.776622,0,0,1,C0,Normal
2025-12-29 11:08:33.876622,0,0,1,C0,Normal
2025-12-29 11:08:33.976622,0,0,1,C0,Normal
2025-12-29 11:08:34.076622,0,0,1,C0,Normal
2025-12-29 11:08:34.176622,0,0,1,C0,Normal
2025-12-29 11:08:34.276622,0,0,1,C0,Normal
2025-12-29 11:08:34.376622,0,0,1,C0,Normal
2025-12-29 11:08:34.476622,0,0,1,C0,Normal
2025-12-29 11:08:34.576622,0,0,1,C0,Normal
2025-12-29 11:08:34.676622,1,0,1,C6,moteur_Bloque_sur_1
2025-12-29 11:08:34.776622,1,0,1,C6,moteur_Bloque_sur_1
2025-12-29 11:08:34.876622,0,0,1,C6,moteur_Bloque_sur_1
2025-12-29 11:08:34.976622,0,0,1,C6,moteur_Bloque_sur_1
2025-12-29 11:08:35.076622,0,0,1,C6,moteur_Bloque_sur_1
2025-12-29 11:08:35.176622,0,0,1,C6,moteur_Bloque_sur_1
2025-12-29 11:08:35.276622,0,0,1,C6,moteur_Bloque_sur_1
2025-12-29 11:08:35.376622,0,0,1,C6,moteur_Bloque_sur_1
2025-12-29 11:08:35.476622,0,0,1,C6,moteur_Bloque_sur_1
2025-12-29 11:08:35.576622,0,0,1,C6,moteur_Bloque_sur_1
2025-12-29 11:08:35.676622,0,0,1,C6,moteur_Bloque_sur_1
2025-12-29 11:08:35.776622,0,0,1,C6,moteur_Bloque_sur_1
2025-12-29 11:08:35.876622,0,0,1,C6,moteur_Bloque_sur_1
2025-12-29 11:08:35.976622,0,0,1,C6,moteur_Bloque_sur_1
2025-12-29 11:08:36.076622,0,0,1,C6,moteur_Bloque_sur_1
2025-12-29 11:08:36.176622,0,1,1,C6,moteur_Bloque_sur_1
2025-12-29 11:08:36.276622,0,1,1,C6,moteur_Bloque_sur_1
2025-12-29 11:08:36.376622,0,0,1,C6,moteur_Bloque_sur_1
2025-12-29 11:08:36.476622,0,0,1,C6,moteur_Bloque_sur_1
2025-12-29 11:08:36.576622,0,0,1,C6,moteur_Bloque_sur_1
2025-12-29 11:08:36.676622,1,0,1,C6,moteur_Bloque_sur_1
2025-12-29 11:08:36.776622,1,0,1,C6,moteur_Bloque_sur_1
2025-12-29 11:08:36.876622,0,0,1,C6,moteur_Bloque_sur_1
2025-12-29 11:08:36.976622,0,0,1,C6,moteur_Bloque_sur_1
2025-12-29 11:08:37.076622,0,0,1,C6,moteur_Bloque_sur_1
2025-12-29 11:08:37.176622,0,0,1,C6,moteur_Bloque_sur_1
2025-12-29 11:08:37.276622,0,0,1,C6,moteur_Bloque_sur_1
2025-12-29 11:08:37.376622,0,0,1,C6,moteur_Bloque_sur_1
2025-12-29 11:08:37.476622,0,0,1,C6,moteur_Bloque_sur_1
2025-12-29 11:08:37.576622,0,0,1,C6,moteur_Bloque_sur_1
2025-12-29 11:08:37.676622,0,0,1,C6,moteur_Bloque_sur_1
2025-12-29 11:08:37.776622,0,0,1,C6,moteur_Bloque_sur_1
2025-12-29 11:08:37.876622,0,0,1,C6,moteur_Bloque_sur_1
2025-12-29 11:08:37.976622,0,0,1,C6,moteur_Bloque_sur_1
2025-12-29 11:08:38.076622,0,0,1,C6,moteur_Bloque_sur_1
2025-12-29 11:08:38.176622,0,1,1,C6,moteur_Bloque_sur_1
2025-12-29 11:08:38.276622,0,1,1,C6,moteur_Bloque_sur_1
2025-12-29 11:08:38.376622,0,0,1,C6,moteur_Bloque_sur_1
2025-12-29 11:08:38.476622,0,0,1,C6,moteur_Bloque_sur_1
2025-12-29 11:08:38.576622,0,0,1,C6,moteur_Bloque_sur_1
2025-12-29 11:08:38.676622,1,0,1,C6,moteur_Bloque_sur_1
2025-12-29 11:08:38.776622,1,0,1,C6,moteur_Bloque_sur_1
2025-12-29 11:08:38.876622,0,0,1,C6,moteur_Bloque_sur_1
2025-12-29 11:08:38.976622,0,0,1,C6,moteur_Bloque_sur_1
2025-12-29 11:08:39.076622,0,0,1,C6,moteur_Bloque_sur_1
2025-12-29 11:08:39.176622,0,0,1,C6,moteur_Bloque_sur_1
2025-12-29 11:08:39.276622,0,0,1,C6,moteur_Bloque_sur_1
2025-12-29 11:08:39.376622,0,0,1,C6,moteur_Bloque_sur_1
2025-12-29 11:08:39.476622,0,0,1,C6,moteur_Bloque_sur_1
2025-12-29 11:08:39.576622,0,0,1,C6,moteur_Bloque_sur_1
2025-12-29 11:08:39.676622,0,0,1,C6,moteur_Bloque_sur_1
2025-12-29 11:08:39.776622,0,0,1,C6,moteur_Bloque_sur_1
2025-12-29 11:08:39.876622,0,0,1,C6,moteur_Bloque_sur_1
2025-12-29 11:08:39.976622,0,0,1,C6,moteur_Bloque_sur_1
2025-12-29 11:08:40.076622,0,0,1,C6,moteur_Bloque_sur_1
2025-12-29 11:08:40.176622,0,1,1,C6,moteur_Bloque_sur_1
2025-12-29 11:08:40.276622,0,1,1,C6,moteur_Bloque_sur_1
2025-12-29 11:08:40.376622,0,0,1,C6,moteur_Bloque_sur_1
2025-12-29 11:08:40.476622,0,0,1,C6,moteur_Bloque_sur_1
2025-12-29 11:08:40.576622,0,0,1,C6,moteur_Bloque_sur_1
2025-12-29 11:08:40.676622,1,0,1,C6,moteur_Bloque_sur_1
2025-12-29 11:08:40.776622,1,0,1,C6,moteur_Bloque_sur_1
2025-12-29 11:08:40.876622,0,0,1,C6,moteur_Bloque_sur_1
2025-12-29 11:08:40.976622,0,0,1,C6,moteur_Bloque_sur_1
2025-12-29 11:08:41.076622,0,0,1,C6,moteur_Bloque_sur_1
2025-12-29 11:08:41.176622,0,0,1,C6,moteur_Bloque_sur_1
2025-12-29 11:08:41.276622,0,0,1,C6,moteur_Bloque_sur_1
2025-12-29 11:08:41.376622,0,0,1,C6,moteur_Bloque_sur_1
2025-12-29 11:08:31.478608,1,0,0,C0,Normal
2025-12-29 11:08:31.578608,1,0,0,C0,Normal
2025-12-29 11:08:31.678608,0,0,1,C0,Normal
2025-12-29 11:08:31.778608,0,0,1,C0,Normal
2025-12-29 11:08:31.878608,0,0,1,C0,Normal
2025-12-29 11:08:31.978608,0,0,1,C0,Normal
2025-12-29 11:08:32.078608,0,0,1,C0,Normal
2025-12-29 11:08:32.178608,0,0,1,C0,Normal
2025-12-29 11:08:32.278608,0,0,1,C0,Normal
2025-12-29 11:08:32.378608,0,0,1,C0,Normal
2025-12-29 11:08:32.478608,0,0,1,C0,Normal
2025-12-29 11:08:32.578608,0,0,1,C0,Normal
2025-12-29 11:08:32.678608,0,0,1,C0,Normal
2025-12-29 11:08:32.778608,0,0,1,C0,Normal
2025-12-29 11:08:32.878608,0,0,1,C0,Normal
2025-12-29 11:08:32.978608,0,1,1,C0,Normal
2025-12-29 11:08:33.078608,0,1,1,C0,Normal
2025-12-29 11:08:33.178608,0,0,0,C0,Normal
2025-12-29 11:08:33.278608,0,0,0,C0,Normal
2025-12-29 11:08:33.378608,0,0,0,C0,Normal
2025-12-29 11:08:33.478608,1,0,0,C0,Normal
2025-12-29 11:08:33.578608,1,0,0,C0,Normal
2025-12-29 11:08:33.678608,0,0,1,C0,Normal
2025-12-29 11:08:33.778608,0,0,1,C0,Normal
2025-12-29 11:08:33.878608,0,0,1,C0,Normal
2025-12-29 11:08:33.978608,0,0,1,C0,Normal
2025-12-29 11:08:34.078608,0,0,1,C0,Normal
2025-12-29 11:08:34.178608,0,0,1,C0,Normal
2025-12-29 11:08:34.278608,1,0,1,C7,transition_inattendue
2025-12-29 11:08:34.378608,1,0,1,C7,transition_inattendue
2025-12-29 11:08:34.478608,0,0,1,C7,transition_inattendue
2025-12-29 11:08:34.578608,0,0,1,C7,transition_inattendue
2025-12-29 11:08:34.678608,0,0,1,C7,transition_inattendue
2025-12-29 11:08:34.778608,1,0,1,C7,transition_inattendue
2025-12-29 11:08:34.878608,1,0,1,C7,transition_inattendue
2025-12-29 11:08:34.978608,0,0,1,C7,transition_inattendue
2025-12-29 11:08:35.078608,0,0,0,C7,transition_inattendue
2025-12-29 11:08:35.178608,0,0,0,C7,transition_inattendue
2025-12-29 11:08:35.278608,0,0,1,C7,transition_inattendue
2025-12-29 11:08:35.378608,0,0,1,C7,transition_inattendue
2025-12-29 11:08:35.478608,0,0,1,C7,transition_inattendue
2025-12-29 11:08:35.578608,0,0,1,C7,transition_inattendue
2025-12-29 11:08:35.678608,0,0,1,C7,transition_inattendue
2025-12-29 11:08:35.778608,0,1,1,C7,transition_inattendue
2025-12-29 11:08:35.878608,0,1,1,C7,transition_inattendue
2025-12-29 11:08:35.978608,0,0,0,C7,transition_inattendue
2025-12-29 11:08:36.078608,0,0,0,C7,transition_inattendue
2025-12-29 11:08:36.178608,0,0,0,C7,transition_inattendue
2025-12-29 11:08:36.278608,1,0,0,C7,transition_inattendue
2025-12-29 11:08:36.378608,1,0,0,C7,transition_inattendue
2025-12-29 11:08:36.478608,0,0,1,C7,transition_inattendue
2025-12-29 11:08:36.578608,0,0,1,C7,transition_inattendue
2025-12-29 11:08:36.678608,0,0,1,C7,transition_inattendue
2025-12-29 11:08:36.778608,1,0,1,C7,transition_inattendue
2025-12-29 11:08:36.878608,1,0,1,C7,transition_inattendue
2025-12-29 11:08:36.978608,0,0,1,C7,transition_inattendue
2025-12-29 11:08:37.078608,0,0,0,C7,transition_inattendue
2025-12-29 11:08:37.178608,0,0,0,C7,transition_inattendue
2025-12-29 11:08:37.278608,0,0,1,C7,transition_inattendue
2025-12-29 11:08:37.378608,0,0,1,C7,transition_inattendue
2025-12-29 11:08:37.478608,0,0,1,C7,transition_inattendue
2025-12-29 11:08:37.578608,0,0,1,C7,transition_inattendue
2025-12-29 11:08:37.678608,0,0,1,C7,transition_inattendue
2025-12-29 11:08:37.778608,0,1,1,C7,transition_inattendue
2025-12-29 11:08:37.878608,0,1,1,C7,transition_inattendue
2025-12-29 11:08:37.978608,0,0,0,C7,transition_inattendue
2025-12-29 11:08:38.078608,0,0,0,C7,transition_inattendue
2025-12-29 11:08:38.178608,0,0,0,C7,transition_inattendue
2025-12-29 11:08:38.278608,1,0,0,C7,transition_inattendue
2025-12-29 11:08:38.378608,1,0,0,C7,transition_inattendue
2025-12-29 11:08:38.478608,0,0,1,C7,transition_inattendue
2025-12-29 11:08:38.578608,0,0,1,C7,transition_inattendue
2025-12-29 11:08:38.678608,0,0,1,C7,transition_inattendue
2025-12-29 11:08:38.778608,1,0,1,C7,transition_inattendue
2025-12-29 11:08:38.878608,1,0,1,C7,transition_inattendue
2025-12-29 11:08:38.978608,0,0,1,C7,transition_inattendue
2025-12-29 11:08:39.078608,0,0,0,C7,transition_inattendue
2025-12-29 11:08:39.178608,0,0,0,C7,transition_inattendue
2025-12-29 11:08:39.278608,0,0,1,C7,transition_inattendue
2025-12-29 11:08:39.378608,0,0,1,C7,transition_inattendue
2025-12-29 11:08:39.478608,0,0,1,C7,transition_inattendue
2025-12-29 11:08:39.578608,0,0,1,C7,transition_inattendue
2025-12-29 11:08:39.678608,0,0,1,C7,transition_inattendue
2025-12-29 11:08:39.778608,0,1,1,C7,transition_inattendue
2025-12-29 11:08:39.878608,0,1,1,C7,transition_inattendue
2025-12-29 11:08:39.978608,0,0,0,C7,transition_inattendue
2025-12-29 11:08:40.078608,0,0,0,C7,transition_inattendue
2025-12-29 11:08:40.178608,0,0,0,C7,transition_inattendue
2025-12-29 11:08:40.278608,1,0,0,C7,transition_inattendue
2025-12-29 11:08:40.378608,1,0,0,C7,transition_inattendue
2025-12-29 11:08:40.478608,0,0,1,C7,transition_inattendue
2025-12-29 11:08:40.578608,0,0,1,C7,transition_inattendue
2025-12-29 11:08:40.678608,0,0,1,C7,transition_inattendue
2025-12-29 11:08:40.778608,1,0,1,C7,transition_inattendue
2025-12-29 11:08:40.878608,1,0,1,C7,transition_inattendue
2025-12-29 11:08:40.978608,0,0,1,C7,transition_inattendue
2025-12-29 11:08:41.078608,0,0,0,C7,transition_inattendue
2025-12-29 11:08:41.178608,0,0,0,C7,transition_inattendue
2025-12-29 11:08:41.278608,0,0,1,C7,transition_inattendue
2025-12-29 11:08:41.378608,0,0,1,C7,transition_inattendue
